fonte,origem_tipo,pais,classe,titulo,tipo,fase_produto,produto,categoria,valor,score,ano,link,origem,score_final
Prefeitura SP Cultura,municipal,Brasil,oportunidade,"Jornada do Patrimônio 2026 tem inscrições abertas para edital de credenciamento de roteiros e cursos “São Paulo: Cada Olhar, Uma História” é o tema do evento que celebra o patrimôn Prefeitura de São Paulo oferece cursos gratuitos de teatro e cinema pelo Programa Vocacional Aulas são realizadas em EMIAs, Casas de Cultura e CEUs com inscrições presenciais Abre e Fecha - Suspensão de Expediente e Feriado Tiradentes Confira o funcionamento dos equipamentos municipais da Secretaria",edital,desenvolvimento,desenvolvimento_roteiro,audiovisual,,197,2026,https://prefeitura.sp.gov.br/web/cultura/w/jornada-do-patrim%C3%B4nio-2026-tem-inscri%C3%A7%C3%B5es-abertas-para-edital-de-credenciamento-de-roteiros-e-cursos,https://www.prefeitura.sp.gov.br/cidade/secretarias/cultura,217
PBH,municipal,Brasil,oportunidade,Edital - Pregão Eletrônico nº 97028/2024 - Equipamentos audiovisual,edital,nao identificado,nao identificado,audiovisual,,77,2024,https://prefeitura.pbh.gov.br/fazenda/licitacao/pregao-eletronico-97028-2024,https://prefeitura.pbh.gov.br/administracao-logistica-e-patrimonial/licitacoes-e-editais,127
SPCINE,federal,Brasil,oportunidade,"Lei 13.303/2016 SOBRE A SPCINE A Spcine é a empresa pública de fomento ao cinema e audiovisual da Prefeitura de São Paulo, vinculada à Secretaria Municipal de Cultura e Economia Criativa. Atua como um escritório de desenvolvimento, financiamento e implementação de programas e políticas para os setores de cinema, TV, games e novas mídias. Seu objetivo é reconhecer e estimular o potencial econômico e criativo do audiovisual paulista e seu impacto em âmbito cultural e social, nas esferas nacional e internacional.",outro,desenvolvimento,desenvolvimento_roteiro,audiovisual,,97,2016,http://www.planalto.gov.br/ccivil_03/_ato2015-2018/2016/lei/l13303.htm,https://spcine.com.br,97
SPCINE,municipal,Brasil,oportunidade,"Lei 15.929/2013 SOBRE A SPCINE A Spcine é a empresa pública de fomento ao cinema e audiovisual da Prefeitura de São Paulo, vinculada à Secretaria Municipal de Cultura e Economia Criativa. Atua como um escritório de desenvolvimento, financiamento e implementação de programas e políticas para os setores de cinema, TV, games e novas mídias. Seu objetivo é reconhecer e estimular o potencial econômico e criativo do audiovisual paulista e seu impacto em âmbito cultural e social, nas esferas nacional e internacional.",outro,desenvolvimento,desenvolvimento_roteiro,audiovisual,,97,2013,http://legislacao.prefeitura.sp.gov.br/leis/lei-15929-de-20-de-dezembro-de-2013,https://spcine.com.br,97
SPCINE,outro,Internacional,oportunidade,"Inscreva-se na nossa newsletter! SOBRE A SPCINE A Spcine é a empresa pública de fomento ao cinema e audiovisual da Prefeitura de São Paulo, vinculada à Secretaria Municipal de Cultura e Economia Criativa. Atua como um escritório de desenvolvimento, financiamento e implementação de programas e políticas para os setores de cinema, TV, games e novas mídias. Seu objetivo é reconhecer e estimular o potencial econômico e criativo do audiovisual paulista e seu impacto em âmbito cultural e social, nas esferas nacional e internacional.",outro,desenvolvimento,desenvolvimento_roteiro,audiovisual,,67,,https://forms.office.com/Pages/ResponsePage.aspx?id=e32VdqTr3EG9EZX3rPsiACg5jEuSxbxMhPVJLCLSPiRURFhIMDJEU1AyTUwyVE5EUTMwVDdES01DUS4u,https://spcine.com.br,77
PBH,outro,Brasil,oportunidade,Ata de Sorteio Ata de Sorteio e Vídeo,outro,nao identificado,nao identificado,audiovisual,,65,,https://drive.google.com/file/d/1YmrT-FDHnkkDHzyDvBvBvP7W2Owiujia/view?usp=drive_link,https://prefeitura.pbh.gov.br/administracao-logistica-e-patrimonial/licitacoes-e-editais,65
PBH,outro,Brasil,oportunidade,Vídeo Ata de Sorteio e Vídeo,outro,nao identificado,nao identificado,audiovisual,,65,,https://drive.google.com/file/d/18aEgS7j1RSUzpg0qHcts9x8mufUWrYPh/view?usp=drive_link,https://prefeitura.pbh.gov.br/administracao-logistica-e-patrimonial/licitacoes-e-editais,65
Prefeitura SP Cultura,municipal,Brasil,oportunidade,Circuito Spcine: Cinema de graça ou a preço popular,outro,nao identificado,nao identificado,audiovisual,,65,,https://www.circuitospcine.com.br/,https://www.prefeitura.sp.gov.br/cidade/secretarias/cultura,65
ANCINE,federal,Brasil,oportunidade,Eventos de Capacitação Eventos de Capacitação Oficina para selecionados na Chamada Pública BRDE/FSA – PRODUÇÃO SELETIVO TV VOD Seminário para proponentes contemplados nos Editais Cinema e TV -Seleção TV Brasil - EBC Webinário - Manual de Prestação de Contas Webinário - Contratação de Projetos do FSA Webinário - Cinema nas Eventos de Capacitação Oficina para selecionados na Chamada Pública BRDE/FSA – PRODUÇÃO SELETIVO TV VOD Seminário para proponentes contemplados nos Editais Cinema e TV -Seleção TV Brasil - EBC Webinário - Manual de Prestação de Contas Webinário - Contratação de Projetos do FSA Webinário - Cinema nas Cidades - Apoio aos Pequenos Exibidores 2023 - Execução e Prestação de Cont,edital,producao,formacao_mentoria,audiovisual,,105,2023,https://www.gov.br/ancine/pt-br/centrais-de-conteudo/eventos-de-capacitacao,https://www.gov.br/ancine,55
Prefeitura SP Cultura,municipal,Brasil,oportunidade,"Abre e Fecha - Suspensão de Expediente e Feriado Tiradentes Confira o funcionamento dos equipamentos municipais da Secretaria Municipal de Cultura e Economia Criativa nos dias 18, Prefeitura de São Paulo oferece cursos gratuitos de teatro e cinema pelo Programa Vocacional Aulas são realizadas em EMIAs, Casas de Cultura e CEUs com inscrições presenciais Abre e Fecha - Suspensão de Expediente e Feriado Tiradentes Confira o funcionamento dos equipamentos municipais da Secretaria",edital,nao identificado,formacao_mentoria,audiovisual,,35,,https://prefeitura.sp.gov.br/web/cultura/w/abre-e-fecha-suspens%C3%A3o-de-expediente-e-feriado-tiradentes,https://www.prefeitura.sp.gov.br/cidade/secretarias/cultura,45
Prefeitura SP Cultura,municipal,Brasil,oportunidade,"Exposição “Cabodá”, na Capela do Morumbi, um dos edifícios mais antigos de São Paulo, é prorrogada até outubro Obra é construída a partir dos furos originais da taipa de pilão e tr Prefeitura de São Paulo oferece cursos gratuitos de teatro e cinema pelo Programa Vocacional Aulas são realizadas em EMIAs, Casas de Cultura e CEUs com inscrições presenciais Abre e Fecha - Suspensão de Expediente e Feriado Tiradentes Confira o funcionamento dos equipamentos municipais da Secretaria",edital,nao identificado,formacao_mentoria,audiovisual,,35,,https://prefeitura.sp.gov.br/web/cultura/w/exposi%C3%A7%C3%A3o-cabod%C3%A1-na-capela-do-morumbi-um-dos-edif%C3%ADcios-mais-antigos-de-s%C3%A3o-paulo-%C3%A9-prorrogada-at%C3%A9-outubro,https://www.prefeitura.sp.gov.br/cidade/secretarias/cultura,45
Prefeitura SP Cultura,municipal,Brasil,oportunidade,"Prefeitura de São Paulo oferece cursos gratuitos de teatro e cinema pelo Programa Vocacional Aulas são realizadas em EMIAs, Casas de Cultura e CEUs com inscrições presenciais Prefeitura de São Paulo oferece cursos gratuitos de teatro e cinema pelo Programa Vocacional Aulas são realizadas em EMIAs, Casas de Cultura e CEUs com inscrições presenciais Abre e Fecha - Suspensão de Expediente e Feriado Tiradentes Confira o funcionamento dos equipamentos municipais da Secretaria",edital,nao identificado,formacao_mentoria,audiovisual,,35,,https://prefeitura.sp.gov.br/web/cultura/w/prefeitura-de-s%C3%A3o-paulo-oferece-cursos-gratuitos-de-teatro-e-cinema-pelo-programa-vocacional,https://www.prefeitura.sp.gov.br/cidade/secretarias/cultura,45
Prefeitura SP Cultura,municipal,Brasil,oportunidade,"Prefeitura de São Paulo reconhece novos estabelecimentos com o Selo de Valor Cultural na cidade Setor gastronômico se destaca entre os estabelecimentos reconhecidos entre 2025 e 20 Prefeitura de São Paulo oferece cursos gratuitos de teatro e cinema pelo Programa Vocacional Aulas são realizadas em EMIAs, Casas de Cultura e CEUs com inscrições presenciais Abre e Fecha - Suspensão de Expediente e Feriado Tiradentes Confira o funcionamento dos equipamentos municipais da Secretaria",edital,nao identificado,formacao_mentoria,audiovisual,,35,2025,https://prefeitura.sp.gov.br/web/cultura/w/prefeitura-de-s%C3%A3o-paulo-reconhece-novos-estabelecimentos-com-o-selo-de-valor-cultural-na-cidade,https://www.prefeitura.sp.gov.br/cidade/secretarias/cultura,45
Prefeitura SP Cultura,municipal,Brasil,oportunidade,"“Método Mágico Científico” faz experimentos que parecem magia na Mário Schenberg Bibliotecas temáticas da prefeitura recebem programação de acordo com seus temas Prefeitura de São Paulo oferece cursos gratuitos de teatro e cinema pelo Programa Vocacional Aulas são realizadas em EMIAs, Casas de Cultura e CEUs com inscrições presenciais Abre e Fecha - Suspensão de Expediente e Feriado Tiradentes Confira o funcionamento dos equipamentos municipais da Secretaria",edital,nao identificado,formacao_mentoria,audiovisual,,35,,https://prefeitura.sp.gov.br/web/cultura/w/-m%C3%A9todo-m%C3%A1gico-cient%C3%ADfico-faz-experimentos-que-parecem-magia-na-m%C3%A1rio-schenberg,https://www.prefeitura.sp.gov.br/cidade/secretarias/cultura,45
ANCINE,federal,Brasil,oportunidade,Oficina para selecionados na Chamada Pública BRDE/FSA – PRODUÇÃO SELETIVO TV VOD,edital,producao,formacao_mentoria,audiovisual,,26,2013,https://www.gov.br/ancine/pt-br/centrais-de-conteudo/eventos-de-capacitacao/oficina-para-selecionados-na-chamada-publica-brde-fsa-2013-producao-seletivo-tv-vod,https://www.gov.br/ancine,36
MinC Brasil,estadual,Brasil,oportunidade,Secretaria do Audiovisual,outro,nao identificado,nao identificado,audiovisual,,35,,https://www.gov.br/cultura/pt-br/composicao/secretaria-do-audiovisual,https://www.gov.br/cultura/pt-br,35
SECULT MG,estadual,Brasil,oportunidade,Programa de Desenvolvimento do Audiovisual Mineiro,outro,desenvolvimento,desenvolvimento_roteiro,audiovisual,,35,,https://www.secult.mg.gov.br/a-secretaria/audiovisual/prog-de-desenvolv-do-audiovisual-mineiro,https://www.secult.mg.gov.br,35
ANCINE,federal,Brasil,oportunidade,Mercado Audiovisual,mercado,nao identificado,mercado_pitch_coproducao,audiovisual,,25,,https://www.gov.br/ancine/pt-br/oca/paineis-interativos-1/paineis-interativos-subsecao-mercado-audiovisual,https://www.gov.br/ancine,35
MinC Brasil,federal,Brasil,oportunidade,AUDIOVISUAL Reunião dos Arranjos Regionais define prazos e orientações para nova etapa da política audiovisual,outro,nao identificado,nao identificado,audiovisual,,0,,https://www.gov.br/cultura/pt-br/assuntos/noticias/reuniao-dos-arranjos-regionais-define-prazos-e-orientacoes-para-nova-etapa-da-politica-audiovisual,https://www.gov.br/cultura/pt-br,30
MinC Brasil,federal,Brasil,oportunidade,Reunião dos Arranjos Regionais define prazos e orientações para nova etapa da política audiovisual,outro,nao identificado,nao identificado,audiovisual,,0,,https://www.gov.br/cultura/pt-br/assuntos/noticias/reuniao-dos-arranjos-regionais-define-prazos-e-orientacoes-para-nova-etapa-da-politica-audiovisual,https://www.gov.br/cultura/pt-br,30
ANCINE,federal,Brasil,oportunidade,Agentes Econômicos do Setor Audiovisual,outro,nao identificado,nao identificado,audiovisual,,25,,https://www.gov.br/ancine/pt-br/oca/paineis-interativos-1/paineis-interativos-subsecao-agentes-economicos-do-audiovisual,https://www.gov.br/ancine,25
MinC Brasil,federal,Brasil,oportunidade,Centro Técnico Audiovisual (CTAV),outro,nao identificado,nao identificado,audiovisual,,25,,https://www.gov.br/ctav/pt-br,https://www.gov.br/cultura/pt-br,25
MinC Brasil,federal,Brasil,oportunidade,Cinema do Brasil,outro,nao identificado,nao identificado,audiovisual,,25,,https://www.gov.br/cultura/pt-br/assuntos/cinema-do-brasil,https://www.gov.br/cultura/pt-br,25
MinC Brasil,federal,Brasil,oportunidade,Cinemateca,outro,nao identificado,nao identificado,audiovisual,,25,,https://www.gov.br/cultura/pt-br/assuntos/cinemateca,https://www.gov.br/cultura/pt-br,25
SECULT MG,estadual,Brasil,oportunidade,Audiovisual Audiovisual Programa de Desenvolvimento do Audiovisual Mineiro,outro,desenvolvimento,desenvolvimento_roteiro,audiovisual,,25,,https://www.secult.mg.gov.br,https://www.secult.mg.gov.br,25
ANCINE,federal,Brasil,oportunidade,Seminário para proponentes contemplados nos Editais Cinema e TV -Seleção TV Brasil - EBC,formacao,nao identificado,formacao_mentoria,audiovisual,,69,,https://www.gov.br/ancine/pt-br/centrais-de-conteudo/eventos-de-capacitacao/seminario-para-proponentes-contemplados-nos-editais-cinema-e-tv-selecao-tv-brasil-ebc,https://www.gov.br/ancine,9
ANCINE,federal,Brasil,oportunidade,Webinário - Chamada de Coprodução Internacional Cinema 2023,formacao,producao,producao_obra,audiovisual,,67,2023,https://www.gov.br/ancine/pt-br/centrais-de-conteudo/eventos-de-capacitacao/webinario-chamada-de-coproducao-internacional-cinema-2023,https://www.gov.br/ancine,7
ANCINE,federal,Brasil,oportunidade,Cinema Brasileiro de Todos e para Todos realiza sessão inclusiva em São Paulo,mostra,nao identificado,festival_inscricao,audiovisual,,0,,https://www.gov.br/ancine/pt-br/assuntos/noticias/cinema-brasileiro-de-todos-e-para-todos-realiza-sessao-inclusiva-em-sao-paulo,https://www.gov.br/ancine,0
ANCINE,municipal,Brasil,oportunidade,Webinário - Cinema nas Cidades - Apoio aos Pequenos Exibidores 2023 - Execução e Prestação de Contas,formacao,nao identificado,formacao_mentoria,audiovisual,,35,2023,https://www.gov.br/ancine/pt-br/centrais-de-conteudo/eventos-de-capacitacao/webinario-cinema-nas-cidades-apoio-aos-pequenos-exibidores-2023-execucao-e-prestacao-de-contas,https://www.gov.br/ancine,-25
ANCINE,federal,Brasil,oportunidade,Webinário - Produção Cinema - Desempenho Artístico e Comercial de Produtoras 2024,formacao,producao,producao_obra,audiovisual,,35,2024,https://www.gov.br/ancine/pt-br/centrais-de-conteudo/eventos-de-capacitacao/webinario-producao-cinema-desempenho-artistico-e-comercial-de-produtoras-2024,https://www.gov.br/ancine,-25
