fonte,origem_tipo,pais,classe,titulo,tipo,fase_produto,produto,categoria,valor,score,ano,link,origem
Prefeitura SP Cultura,municipal,Brasil,oportunidade,"Jornada do Patrimônio 2026 tem inscrições abertas para edital de credenciamento de roteiros e cursos “São Paulo: Cada Olhar, Uma História” é o tema do evento que celebra o patrimôn Prefeitura de São Paulo oferece cursos gratuitos de teatro e cinema pelo Programa Vocacional Aulas são realizadas em EMIAs, Casas de Cultura e CEUs com inscrições presenciais Abre e Fecha - Suspensão de Expediente e Feriado Tiradentes Confira o funcionamento dos equipamentos municipais da Secretaria",edital,desenvolvimento,desenvolvimento_roteiro,audiovisual,,197,2026,https://prefeitura.sp.gov.br/web/cultura/w/jornada-do-patrim%C3%B4nio-2026-tem-inscri%C3%A7%C3%B5es-abertas-para-edital-de-credenciamento-de-roteiros-e-cursos,https://www.prefeitura.sp.gov.br/cidade/secretarias/cultura
ANCINE,federal,Brasil,oportunidade,Eventos de Capacitação Eventos de Capacitação Oficina para selecionados na Chamada Pública BRDE/FSA – PRODUÇÃO SELETIVO TV VOD Seminário para proponentes contemplados nos Editais Cinema e TV -Seleção TV Brasil - EBC Webinário - Manual de Prestação de Contas Webinário - Contratação de Projetos do FSA Webinário - Cinema nas Eventos de Capacitação Oficina para selecionados na Chamada Pública BRDE/FSA – PRODUÇÃO SELETIVO TV VOD Seminário para proponentes contemplados nos Editais Cinema e TV -Seleção TV Brasil - EBC Webinário - Manual de Prestação de Contas Webinário - Contratação de Projetos do FSA Webinário - Cinema nas Cidades - Apoio aos Pequenos Exibidores 2023 - Execução e Prestação de Cont,edital,producao,formacao_mentoria,audiovisual,,105,2023,https://www.gov.br/ancine/pt-br/centrais-de-conteudo/eventos-de-capacitacao,https://www.gov.br/ancine
SPCINE,federal,Brasil,oportunidade,"Lei 13.303/2016 SOBRE A SPCINE A Spcine é a empresa pública de fomento ao cinema e audiovisual da Prefeitura de São Paulo, vinculada à Secretaria Municipal de Cultura e Economia Criativa. Atua como um escritório de desenvolvimento, financiamento e implementação de programas e políticas para os setores de cinema, TV, games e novas mídias. Seu objetivo é reconhecer e estimular o potencial econômico e criativo do audiovisual paulista e seu impacto em âmbito cultural e social, nas esferas nacional e internacional.",outro,desenvolvimento,desenvolvimento_roteiro,audiovisual,,97,2016,http://www.planalto.gov.br/ccivil_03/_ato2015-2018/2016/lei/l13303.htm,https://spcine.com.br
SPCINE,municipal,Brasil,oportunidade,"Lei 15.929/2013 SOBRE A SPCINE A Spcine é a empresa pública de fomento ao cinema e audiovisual da Prefeitura de São Paulo, vinculada à Secretaria Municipal de Cultura e Economia Criativa. Atua como um escritório de desenvolvimento, financiamento e implementação de programas e políticas para os setores de cinema, TV, games e novas mídias. Seu objetivo é reconhecer e estimular o potencial econômico e criativo do audiovisual paulista e seu impacto em âmbito cultural e social, nas esferas nacional e internacional.",outro,desenvolvimento,desenvolvimento_roteiro,audiovisual,,97,2013,http://legislacao.prefeitura.sp.gov.br/leis/lei-15929-de-20-de-dezembro-de-2013,https://spcine.com.br
PBH,municipal,Brasil,oportunidade,Edital - Pregão Eletrônico nº 97028/2024 - Equipamentos audiovisual,edital,nao identificado,nao identificado,audiovisual,,77,2024,https://prefeitura.pbh.gov.br/fazenda/licitacao/pregao-eletronico-97028-2024,https://prefeitura.pbh.gov.br/administracao-logistica-e-patrimonial/licitacoes-e-editais
ANCINE,federal,Brasil,oportunidade,Seminário para proponentes contemplados nos Editais Cinema e TV -Seleção TV Brasil - EBC,formacao,nao identificado,formacao_mentoria,audiovisual,,69,,https://www.gov.br/ancine/pt-br/centrais-de-conteudo/eventos-de-capacitacao/seminario-para-proponentes-contemplados-nos-editais-cinema-e-tv-selecao-tv-brasil-ebc,https://www.gov.br/ancine
ANCINE,federal,Brasil,oportunidade,Webinário - Chamada de Coprodução Internacional Cinema 2023,formacao,producao,producao_obra,audiovisual,,67,2023,https://www.gov.br/ancine/pt-br/centrais-de-conteudo/eventos-de-capacitacao/webinario-chamada-de-coproducao-internacional-cinema-2023,https://www.gov.br/ancine
SPCINE,outro,Internacional,oportunidade,"Inscreva-se na nossa newsletter! SOBRE A SPCINE A Spcine é a empresa pública de fomento ao cinema e audiovisual da Prefeitura de São Paulo, vinculada à Secretaria Municipal de Cultura e Economia Criativa. Atua como um escritório de desenvolvimento, financiamento e implementação de programas e políticas para os setores de cinema, TV, games e novas mídias. Seu objetivo é reconhecer e estimular o potencial econômico e criativo do audiovisual paulista e seu impacto em âmbito cultural e social, nas esferas nacional e internacional.",outro,desenvolvimento,desenvolvimento_roteiro,audiovisual,,67,,https://forms.office.com/Pages/ResponsePage.aspx?id=e32VdqTr3EG9EZX3rPsiACg5jEuSxbxMhPVJLCLSPiRURFhIMDJEU1AyTUwyVE5EUTMwVDdES01DUS4u,https://spcine.com.br
PBH,outro,Brasil,oportunidade,Ata de Sorteio Ata de Sorteio e Vídeo,outro,nao identificado,nao identificado,audiovisual,,65,,https://drive.google.com/file/d/1YmrT-FDHnkkDHzyDvBvBvP7W2Owiujia/view?usp=drive_link,https://prefeitura.pbh.gov.br/administracao-logistica-e-patrimonial/licitacoes-e-editais
PBH,outro,Brasil,oportunidade,Vídeo Ata de Sorteio e Vídeo,outro,nao identificado,nao identificado,audiovisual,,65,,https://drive.google.com/file/d/18aEgS7j1RSUzpg0qHcts9x8mufUWrYPh/view?usp=drive_link,https://prefeitura.pbh.gov.br/administracao-logistica-e-patrimonial/licitacoes-e-editais
Prefeitura SP Cultura,municipal,Brasil,oportunidade,Circuito Spcine: Cinema de graça ou a preço popular,outro,nao identificado,nao identificado,audiovisual,,65,,https://www.circuitospcine.com.br/,https://www.prefeitura.sp.gov.br/cidade/secretarias/cultura
ANCINE,federal,Brasil,noticia,Programa de Estágio,trabalho,nao identificado,nao identificado,inovacao,,56,,https://www.gov.br/ancine/pt-br/acesso-a-informacao/servidores/processo-seletivo-edital-para-selecao-de-estagiarios,https://www.gov.br/ancine
ANCINE,municipal,Brasil,oportunidade,Webinário - Cinema nas Cidades - Apoio aos Pequenos Exibidores 2023 - Execução e Prestação de Contas,formacao,nao identificado,formacao_mentoria,audiovisual,,35,2023,https://www.gov.br/ancine/pt-br/centrais-de-conteudo/eventos-de-capacitacao/webinario-cinema-nas-cidades-apoio-aos-pequenos-exibidores-2023-execucao-e-prestacao-de-contas,https://www.gov.br/ancine
ANCINE,federal,Brasil,oportunidade,Webinário - Produção Cinema - Desempenho Artístico e Comercial de Produtoras 2024,formacao,producao,producao_obra,audiovisual,,35,2024,https://www.gov.br/ancine/pt-br/centrais-de-conteudo/eventos-de-capacitacao/webinario-producao-cinema-desempenho-artistico-e-comercial-de-produtoras-2024,https://www.gov.br/ancine
MinC Brasil,estadual,Brasil,oportunidade,Secretaria do Audiovisual,outro,nao identificado,nao identificado,audiovisual,,35,,https://www.gov.br/cultura/pt-br/composicao/secretaria-do-audiovisual,https://www.gov.br/cultura/pt-br
Prefeitura SP Cultura,municipal,Brasil,oportunidade,"Abre e Fecha - Suspensão de Expediente e Feriado Tiradentes Confira o funcionamento dos equipamentos municipais da Secretaria Municipal de Cultura e Economia Criativa nos dias 18, Prefeitura de São Paulo oferece cursos gratuitos de teatro e cinema pelo Programa Vocacional Aulas são realizadas em EMIAs, Casas de Cultura e CEUs com inscrições presenciais Abre e Fecha - Suspensão de Expediente e Feriado Tiradentes Confira o funcionamento dos equipamentos municipais da Secretaria",edital,nao identificado,formacao_mentoria,audiovisual,,35,,https://prefeitura.sp.gov.br/web/cultura/w/abre-e-fecha-suspens%C3%A3o-de-expediente-e-feriado-tiradentes,https://www.prefeitura.sp.gov.br/cidade/secretarias/cultura
Prefeitura SP Cultura,municipal,Brasil,oportunidade,"Exposição “Cabodá”, na Capela do Morumbi, um dos edifícios mais antigos de São Paulo, é prorrogada até outubro Obra é construída a partir dos furos originais da taipa de pilão e tr Prefeitura de São Paulo oferece cursos gratuitos de teatro e cinema pelo Programa Vocacional Aulas são realizadas em EMIAs, Casas de Cultura e CEUs com inscrições presenciais Abre e Fecha - Suspensão de Expediente e Feriado Tiradentes Confira o funcionamento dos equipamentos municipais da Secretaria",edital,nao identificado,formacao_mentoria,audiovisual,,35,,https://prefeitura.sp.gov.br/web/cultura/w/exposi%C3%A7%C3%A3o-cabod%C3%A1-na-capela-do-morumbi-um-dos-edif%C3%ADcios-mais-antigos-de-s%C3%A3o-paulo-%C3%A9-prorrogada-at%C3%A9-outubro,https://www.prefeitura.sp.gov.br/cidade/secretarias/cultura
Prefeitura SP Cultura,municipal,Brasil,oportunidade,"Prefeitura de São Paulo oferece cursos gratuitos de teatro e cinema pelo Programa Vocacional Aulas são realizadas em EMIAs, Casas de Cultura e CEUs com inscrições presenciais Prefeitura de São Paulo oferece cursos gratuitos de teatro e cinema pelo Programa Vocacional Aulas são realizadas em EMIAs, Casas de Cultura e CEUs com inscrições presenciais Abre e Fecha - Suspensão de Expediente e Feriado Tiradentes Confira o funcionamento dos equipamentos municipais da Secretaria",edital,nao identificado,formacao_mentoria,audiovisual,,35,,https://prefeitura.sp.gov.br/web/cultura/w/prefeitura-de-s%C3%A3o-paulo-oferece-cursos-gratuitos-de-teatro-e-cinema-pelo-programa-vocacional,https://www.prefeitura.sp.gov.br/cidade/secretarias/cultura
Prefeitura SP Cultura,municipal,Brasil,oportunidade,"Prefeitura de São Paulo reconhece novos estabelecimentos com o Selo de Valor Cultural na cidade Setor gastronômico se destaca entre os estabelecimentos reconhecidos entre 2025 e 20 Prefeitura de São Paulo oferece cursos gratuitos de teatro e cinema pelo Programa Vocacional Aulas são realizadas em EMIAs, Casas de Cultura e CEUs com inscrições presenciais Abre e Fecha - Suspensão de Expediente e Feriado Tiradentes Confira o funcionamento dos equipamentos municipais da Secretaria",edital,nao identificado,formacao_mentoria,audiovisual,,35,2025,https://prefeitura.sp.gov.br/web/cultura/w/prefeitura-de-s%C3%A3o-paulo-reconhece-novos-estabelecimentos-com-o-selo-de-valor-cultural-na-cidade,https://www.prefeitura.sp.gov.br/cidade/secretarias/cultura
Prefeitura SP Cultura,municipal,Brasil,oportunidade,"“Método Mágico Científico” faz experimentos que parecem magia na Mário Schenberg Bibliotecas temáticas da prefeitura recebem programação de acordo com seus temas Prefeitura de São Paulo oferece cursos gratuitos de teatro e cinema pelo Programa Vocacional Aulas são realizadas em EMIAs, Casas de Cultura e CEUs com inscrições presenciais Abre e Fecha - Suspensão de Expediente e Feriado Tiradentes Confira o funcionamento dos equipamentos municipais da Secretaria",edital,nao identificado,formacao_mentoria,audiovisual,,35,,https://prefeitura.sp.gov.br/web/cultura/w/-m%C3%A9todo-m%C3%A1gico-cient%C3%ADfico-faz-experimentos-que-parecem-magia-na-m%C3%A1rio-schenberg,https://www.prefeitura.sp.gov.br/cidade/secretarias/cultura
SECULT MG,estadual,Brasil,oportunidade,Programa de Desenvolvimento do Audiovisual Mineiro,outro,desenvolvimento,desenvolvimento_roteiro,audiovisual,,35,,https://www.secult.mg.gov.br/a-secretaria/audiovisual/prog-de-desenvolv-do-audiovisual-mineiro,https://www.secult.mg.gov.br
ANCINE,federal,Brasil,oportunidade,Oficina para selecionados na Chamada Pública BRDE/FSA – PRODUÇÃO SELETIVO TV VOD,edital,producao,formacao_mentoria,audiovisual,,26,2013,https://www.gov.br/ancine/pt-br/centrais-de-conteudo/eventos-de-capacitacao/oficina-para-selecionados-na-chamada-publica-brde-fsa-2013-producao-seletivo-tv-vod,https://www.gov.br/ancine
ANCINE,federal,Brasil,oportunidade,Mercado Audiovisual,mercado,nao identificado,mercado_pitch_coproducao,audiovisual,,25,,https://www.gov.br/ancine/pt-br/oca/paineis-interativos-1/paineis-interativos-subsecao-mercado-audiovisual,https://www.gov.br/ancine
ANCINE,federal,Brasil,oportunidade,Agentes Econômicos do Setor Audiovisual,outro,nao identificado,nao identificado,audiovisual,,25,,https://www.gov.br/ancine/pt-br/oca/paineis-interativos-1/paineis-interativos-subsecao-agentes-economicos-do-audiovisual,https://www.gov.br/ancine
MinC Brasil,federal,Brasil,oportunidade,Centro Técnico Audiovisual (CTAV),outro,nao identificado,nao identificado,audiovisual,,25,,https://www.gov.br/ctav/pt-br,https://www.gov.br/cultura/pt-br
MinC Brasil,federal,Brasil,oportunidade,Cinema do Brasil,outro,nao identificado,nao identificado,audiovisual,,25,,https://www.gov.br/cultura/pt-br/assuntos/cinema-do-brasil,https://www.gov.br/cultura/pt-br
MinC Brasil,federal,Brasil,oportunidade,Cinemateca,outro,nao identificado,nao identificado,audiovisual,,25,,https://www.gov.br/cultura/pt-br/assuntos/cinemateca,https://www.gov.br/cultura/pt-br
SECULT MG,estadual,Brasil,oportunidade,Audiovisual Audiovisual Programa de Desenvolvimento do Audiovisual Mineiro,outro,desenvolvimento,desenvolvimento_roteiro,audiovisual,,25,,https://www.secult.mg.gov.br,https://www.secult.mg.gov.br
ANCINE,federal,Brasil,noticia,Sistema de Acompanhamento da Distribuição em Salas de Exibição - SADIS,mostra,distribuicao,distribuicao_circulacao,geral,,10,,https://www.gov.br/ancine/pt-br/acesso-a-informacao/perguntas-frequentes1/sistema-de-acompanhamento-da-distribuicao-em-salas-de-exibicao-sadis,https://www.gov.br/ancine
PBH,outro,Brasil,noticia,"Ata de sessão pública, Adjudicação e Homologação",mostra,nao identificado,festival_inscricao,inovacao,,10,,https://drive.google.com/file/d/1uidEkiqd4ufvzAYlqa-thCaIfTbARwxK/view?usp=drive_link,https://prefeitura.pbh.gov.br/administracao-logistica-e-patrimonial/licitacoes-e-editais
ANCINE,federal,Brasil,noticia,Filmagens Estrangeiras no Brasil,formacao,nao identificado,formacao_mentoria,audiovisual,,0,,https://www.gov.br/ancine/pt-br/acesso-a-informacao/perguntas-frequentes1/filmagens-estrangeiras-no-brasil,https://www.gov.br/ancine
ANCINE,federal,Brasil,oportunidade,Cinema Brasileiro de Todos e para Todos realiza sessão inclusiva em São Paulo,mostra,nao identificado,festival_inscricao,audiovisual,,0,,https://www.gov.br/ancine/pt-br/assuntos/noticias/cinema-brasileiro-de-todos-e-para-todos-realiza-sessao-inclusiva-em-sao-paulo,https://www.gov.br/ancine
MinC Brasil,federal,Brasil,oportunidade,AUDIOVISUAL Reunião dos Arranjos Regionais define prazos e orientações para nova etapa da política audiovisual,outro,nao identificado,nao identificado,audiovisual,,0,,https://www.gov.br/cultura/pt-br/assuntos/noticias/reuniao-dos-arranjos-regionais-define-prazos-e-orientacoes-para-nova-etapa-da-politica-audiovisual,https://www.gov.br/cultura/pt-br
MinC Brasil,federal,Internacional,noticia,Creative Commons Atribuição-SemDerivações 3.0 Não Adaptada Todo o conteúdo deste site está publicado sob a licença Creative Commons Atribuição-SemDerivações 3.0 Não Adaptada .,outro,nao identificado,nao identificado,cultura,,0,,https://creativecommons.org/licenses/by-nd/3.0/deed.pt_BR,https://www.gov.br/cultura/pt-br
MinC Brasil,federal,Brasil,oportunidade,Reunião dos Arranjos Regionais define prazos e orientações para nova etapa da política audiovisual,outro,nao identificado,nao identificado,audiovisual,,0,,https://www.gov.br/cultura/pt-br/assuntos/noticias/reuniao-dos-arranjos-regionais-define-prazos-e-orientacoes-para-nova-etapa-da-politica-audiovisual,https://www.gov.br/cultura/pt-br
MinC Brasil,federal,Brasil,noticia,Prêmio Pontos de Leitura 2023,formacao,nao identificado,formacao_mentoria,cultura,,-6,2023,https://www.gov.br/cultura/pt-br/acesso-a-informacao/perguntas-frequentes/premio-pontos-de-leitura-2023,https://www.gov.br/cultura/pt-br
ANCINE,federal,Brasil,noticia,"GOV.BR GOV.BR Serviços Buscar serviços por Categorias Órgãos Estados Serviços por público alvo Cidadãos Empresas Órgãos e Entidades Públicas Demais segmentos (ONGs, organizações sociais, etc) Servidor Público Temas em Destaque Orçamento Nacional Redes de Atendimento do Governo Federal Proteção de Dados Pes GOV.BR Serviços Buscar serviços por Categorias Órgãos Estados Serviços por público alvo Cidadãos Empresas Órgãos e Entidades Públicas Demais segmentos (ONGs, organizações sociais, etc) Servidor Público Temas em Destaque Orçamento Nacional Redes de Atendimento do Governo Federal Proteção de Dados Pessoais Serviços para Imigrantes Política e Orçamento Educacionais Educação Profissional e Tec",grant,nao identificado,nao identificado,inovacao,,-8,,https://www.gov.br/ancine/pt-br/pagina-inicial,https://www.gov.br/ancine
MinC Brasil,federal,Brasil,noticia,"GOV.BR GOV.BR Serviços Buscar serviços por Categorias Órgãos Estados Serviços por público alvo Cidadãos Empresas Órgãos e Entidades Públicas Demais segmentos (ONGs, organizações sociais, etc) Servidor Público Temas em Destaque Orçamento Nacional Redes de Atendimento do Governo Federal Proteção de Dados Pes GOV.BR Serviços Buscar serviços por Categorias Órgãos Estados Serviços por público alvo Cidadãos Empresas Órgãos e Entidades Públicas Demais segmentos (ONGs, organizações sociais, etc) Servidor Público Temas em Destaque Orçamento Nacional Redes de Atendimento do Governo Federal Proteção de Dados Pessoais Serviços para Imigrantes Política e Orçamento Educacionais Educação Profissional e Tec",grant,nao identificado,nao identificado,cultura,,-8,,https://www.gov.br/cultura/pt-br/pagina-inicial,https://www.gov.br/cultura/pt-br
SECULT MG,estadual,Brasil,noticia,Editais Editais Fundo Estadual de Cultura (FEC) Editais Dúvidas Frequentes Política Nacional Aldir Blanc (PNAB) Cronograma Documentação Editais Fase de Habilitação Lei Paulo Gustavo (LPG) Cronograma Editais Resultado Preliminar Resultado Final Suplentes,outro,nao identificado,nao identificado,cultura,,-8,,https://www.secult.mg.gov.br,https://www.secult.mg.gov.br
SECULT MG,estadual,Brasil,noticia,Instituições Instituições Arquivo Público Mineiro Biblioteca Pública Estadual Circuito Liberdade Museus Centro de Arte Popular Museu Casa Alphonsus de Guimaraens Museu Casa Guignard Museu Casa Guimarães Rosa Museu do Crédito Real Museu dos Militares Mineiros Museu Mineiro Rádio Inconfidência Rede Minas Orgãos Vi Instituições Arquivo Público Mineiro Biblioteca Pública Estadual Circuito Liberdade Museus Centro de Arte Popular Museu Casa Alphonsus de Guimaraens Museu Casa Guignard Museu Casa Guimarães Rosa Museu do Crédito Real Museu dos Militares Mineiros Museu Mineiro Rádio Inconfidência Rede Minas Orgãos Vinculados Fundação Clóvis Salgado Fundação de Arte de Ouro Preto IEPHA Orquestra Filarm,outro,nao identificado,nao identificado,cultura,,-8,,https://www.secult.mg.gov.br,https://www.secult.mg.gov.br
Prefeitura SP Cultura,municipal,Brasil,noticia,Prefeitura de São Paulo lança projeto que leva música para as bibliotecas públicas municipais; estreia do projeto tem Zeca Baleiro Música Popular na Biblioteca estreia em no Dia In Prefeitura de São Paulo lança projeto que leva música para as bibliotecas públicas municipais; estreia do projeto tem Zeca Baleiro Música Popular na Biblioteca estreia em no Dia Internacional do Livro,outro,nao identificado,nao identificado,cultura,,-10,,https://prefeitura.sp.gov.br/web/cultura/w/prefeitura-de-s%C3%A3o-paulo-lan%C3%A7a-projeto-que-leva-m%C3%BAsica-para-as-bibliotecas-p%C3%BAblicas-municipais-estreia-do-projeto-tem-zeca-baleiro,https://www.prefeitura.sp.gov.br/cidade/secretarias/cultura
MinC Brasil,federal,Brasil,noticia,Política Nacional Aldir Blanc de Fomento à Cultura,formacao,nao identificado,formacao_mentoria,cultura,,-18,,https://www.gov.br/cultura/pt-br/acesso-a-informacao/perguntas-frequentes/politica-nacional-aldir-blanc,https://www.gov.br/cultura/pt-br
ANCINE,federal,Brasil,noticia,Ações de Capacitação,formacao,nao identificado,formacao_mentoria,inovacao,,-20,,https://www.gov.br/ancine/pt-br/acesso-a-informacao/transparencia-prestacao-de-contas/acoes-de-capacitacao,https://www.gov.br/ancine
ANCINE,federal,Brasil,noticia,Convênios e Transferências Convênios e Transferências Passo a passo para consulta de convênios e transferências no Portal da Transparência Passo a passo para consulta no Portal Transferegov.br Termo de Execução Descentralizada Acordos de Cooperação Técnica e Acordos de Adesão,formacao,nao identificado,formacao_mentoria,inovacao,,-20,,https://www.gov.br/ancine/pt-br/acesso-a-informacao/convenios-e-transferencias,https://www.gov.br/ancine
ANCINE,federal,Brasil,noticia,Legislação Legislação Leis e Medidas Provisórias Decretos Atos e Acordos Portarias Externas Instruções Normativas Resoluções de Diretoria Colegiada Portarias da ANCINE Súmulas Deliberações e decisões da ANCINE,formacao,nao identificado,formacao_mentoria,inovacao,,-20,,https://www.gov.br/ancine/pt-br/acesso-a-informacao/legislacao,https://www.gov.br/ancine
ANCINE,federal,Brasil,noticia,Participação Social,formacao,nao identificado,formacao_mentoria,inovacao,,-20,,https://www.gov.br/ancine/pt-br/acesso-a-informacao/participacao-social-novo/participacao-social-capa,https://www.gov.br/ancine
ANCINE,federal,Brasil,noticia,Passo a passo para consulta de convênios e transferências no Portal da Transparência,formacao,nao identificado,formacao_mentoria,inovacao,,-20,,https://www.gov.br/ancine/pt-br/acesso-a-informacao/convenios-e-transferencias/passo-a-passo-para-consulta-de-convenios-no-portal-da-transparencia,https://www.gov.br/ancine
ANCINE,federal,Brasil,noticia,Passo a passo para consulta de servidores no Portal da Transparência,formacao,nao identificado,formacao_mentoria,inovacao,,-20,,https://www.gov.br/ancine/pt-br/acesso-a-informacao/servidores/passo-passo-para-consulta-de-servidores-no-portal-da-transparencia,https://www.gov.br/ancine
ANCINE,federal,Brasil,noticia,Passo a passo para consulta no Portal Transferegov.br,formacao,nao identificado,formacao_mentoria,inovacao,,-20,,https://www.gov.br/ancine/pt-br/acesso-a-informacao/convenios-e-transferencias/passo-a-passo-para-consulta-no-portal-de-convenios,https://www.gov.br/ancine
ANCINE,federal,Brasil,noticia,Planejamento Institucional,formacao,nao identificado,formacao_mentoria,inovacao,,-20,,https://www.gov.br/ancine/pt-br/acesso-a-informacao/transparencia-prestacao-de-contas/planejamento-institucional-1,https://www.gov.br/ancine
ANCINE,federal,Brasil,noticia,Portarias Externas,formacao,nao identificado,formacao_mentoria,inovacao,,-20,,https://www.gov.br/ancine/pt-br/acesso-a-informacao/legislacao/portarias-externas,https://www.gov.br/ancine
ANCINE,federal,Brasil,noticia,Portarias da ANCINE,formacao,nao identificado,formacao_mentoria,inovacao,,-20,,https://www.gov.br/ancine/pt-br/acesso-a-informacao/legislacao/portarias,https://www.gov.br/ancine
ANCINE,federal,Brasil,noticia,Produtos e Resultados Gerados,formacao,nao identificado,formacao_mentoria,inovacao,,-20,,https://www.gov.br/ancine/pt-br/acesso-a-informacao/transparencia-prestacao-de-contas/produtos-e-resultados-gerados,https://www.gov.br/ancine
ANCINE,federal,Brasil,noticia,Remunerações,formacao,nao identificado,formacao_mentoria,inovacao,,-20,,https://www.gov.br/ancine/pt-br/acesso-a-informacao/transparencia-prestacao-de-contas/remuneracoes,https://www.gov.br/ancine
ANCINE,federal,Brasil,noticia,Rol de Responsáveis,formacao,nao identificado,formacao_mentoria,inovacao,,-20,,https://www.gov.br/ancine/pt-br/acesso-a-informacao/transparencia-prestacao-de-contas/rol-de-responsaveis-1,https://www.gov.br/ancine
ANCINE,federal,Brasil,noticia,"Supervisão, Controle e Correição",formacao,nao identificado,formacao_mentoria,inovacao,,-20,,https://www.gov.br/ancine/pt-br/acesso-a-informacao/transparencia-prestacao-de-contas/supervisao-controle-e-correicao-1,https://www.gov.br/ancine
ANCINE,federal,Brasil,noticia,Servidores Servidores Passo a passo para consulta de servidores no Portal da Transparência Concursos Públicos Terceirizados Programa de Estágio,trabalho,nao identificado,formacao_mentoria,inovacao,,-20,,https://www.gov.br/ancine/pt-br/acesso-a-informacao/servidores,https://www.gov.br/ancine
MinC Brasil,federal,Brasil,noticia,Canais de Atendimento Canais de Atendimento Ouvidoria Serviço de Informação ao Cidadão (SIC) Peticionamento Eletrônico Protocolo GOV.BR Protocolo Integrado Carta de Serviços Fale Conosco,formacao,nao identificado,formacao_mentoria,cultura,,-20,,https://www.gov.br/cultura/pt-br/canais_atendimento,https://www.gov.br/cultura/pt-br
MinC Brasil,federal,Brasil,noticia,Horário de Atendimento,formacao,nao identificado,formacao_mentoria,cultura,,-20,,https://www.gov.br/cultura/pt-br/acesso-a-informacao/institucional/horario-de-atendimento,https://www.gov.br/cultura/pt-br
MinC Brasil,federal,Brasil,noticia,Plano Nacional do Livro e Leitura,formacao,nao identificado,formacao_mentoria,cultura,,-20,,https://www.gov.br/cultura/pt-br/acesso-a-informacao/perguntas-frequentes/plano-nacional-do-livro-e-leitura,https://www.gov.br/cultura/pt-br
MinC Brasil,federal,Brasil,noticia,Planos de Contratações Anuais,formacao,nao identificado,formacao_mentoria,cultura,,-20,,https://www.gov.br/cultura/pt-br/acesso-a-informacao/licitacoes-e-contratos/calendario-de-contratacoes,https://www.gov.br/cultura/pt-br
MinC Brasil,federal,Brasil,noticia,Processo Seletivo Simplificado para Contratação Temporária do Ministério da Cultura,formacao,nao identificado,formacao_mentoria,cultura,,-20,,https://www.gov.br/cultura/pt-br/acesso-a-informacao/processo-seletivo-simplificado-para-contratacao-temporaria-do-ministerio-da-cultura,https://www.gov.br/cultura/pt-br
MinC Brasil,federal,Brasil,noticia,Transparência,formacao,nao identificado,formacao_mentoria,cultura,,-20,,https://www.gov.br/cultura/pt-br/acesso-a-informacao/transparencia,https://www.gov.br/cultura/pt-br
MinC Brasil,federal,Brasil,noticia,Transparência e Prestação de Contas,formacao,nao identificado,formacao_mentoria,cultura,,-20,,https://www.gov.br/cultura/pt-br/acesso-a-informacao/transparencia-e-prestacao-de-contas,https://www.gov.br/cultura/pt-br
MinC Brasil,federal,Brasil,noticia,"Serviços Serviços Buscar serviços por Categorias Órgãos Estados Serviços por público alvo Cidadãos Empresas Órgãos e Entidades Públicas Demais segmentos (ONGs, organizações sociais, etc) Servidor Público",outro,nao identificado,nao identificado,inovacao,,-20,,https://www.gov.br/pt-br/servicos,https://www.gov.br/cultura/pt-br
MinC Brasil,federal,Brasil,noticia,Órgãos e Entidades Públicas,outro,nao identificado,nao identificado,inovacao,,-20,,https://www.gov.br/pt-br/servicos/listar_servicos_segmento?segmento=publico_alvo_orgaos,https://www.gov.br/cultura/pt-br
PBH,municipal,Brasil,noticia,Impugnacâo - ÁBACO Tecnologia de Informação Ltda,formacao,nao identificado,formacao_mentoria,inovacao,,-20,,https://prefeitura.pbh.gov.br/sites/default/files/estrutura-de-governo/administracao-logistica-e-patrimonial/transparencia/impugnacao_pbh_v1.pdf,https://prefeitura.pbh.gov.br/administracao-logistica-e-patrimonial/licitacoes-e-editais
PBH,municipal,Brasil,noticia,Resposta a Impugnação - ÁBACO Tecnologia de Informação Ltda,formacao,nao identificado,formacao_mentoria,inovacao,,-20,,https://prefeitura.pbh.gov.br/sites/default/files/estrutura-de-governo/administracao-logistica-e-patrimonial/transparencia/resposta-impugnacao.pdf,https://prefeitura.pbh.gov.br/administracao-logistica-e-patrimonial/licitacoes-e-editais
PBH,federal,Brasil,noticia,"Ata Da Sessão Pública , Adjudicação e Homologação Parcial 01 - Grupo 02",mostra,nao identificado,festival_inscricao,inovacao,,-20,,https://dom-web.pbh.gov.br/visualizacao/ato/469629,https://prefeitura.pbh.gov.br/administracao-logistica-e-patrimonial/licitacoes-e-editais
PBH,federal,Brasil,noticia,"Ata Da Sessão Pública , Adjudicação e Homologação Parcial 02 - Grupo 01",mostra,nao identificado,festival_inscricao,inovacao,,-20,,https://dom-web.pbh.gov.br/visualizacao/ato/472689,https://prefeitura.pbh.gov.br/administracao-logistica-e-patrimonial/licitacoes-e-editais
PBH,federal,Brasil,noticia,"Ata de Sessão Publica, Adjudicação e Homologação Parcial - 01",mostra,nao identificado,festival_inscricao,inovacao,,-20,,https://dom-web.pbh.gov.br/visualizacao/ato/473489,https://prefeitura.pbh.gov.br/administracao-logistica-e-patrimonial/licitacoes-e-editais
PBH,municipal,Brasil,noticia,"Ata de Sessão Publica, Adjudicação e Homologação Parcial 01",mostra,nao identificado,festival_inscricao,inovacao,,-20,,https://prefeitura.pbh.gov.br/sites/default/files/estrutura-de-governo/administracao-logistica-e-patrimonial/transparencia/pe97012-2025_ata_homologacao_parcial.pdf,https://prefeitura.pbh.gov.br/administracao-logistica-e-patrimonial/licitacoes-e-editais
PBH,municipal,Brasil,noticia,"Ata de Sessão Pública, Adjudicação e Homlogação Parcial - itens 04,07 e 18.",mostra,nao identificado,festival_inscricao,inovacao,,-20,,https://prefeitura.pbh.gov.br/sites/default/files/estrutura-de-governo/administracao-logistica-e-patrimonial/transparencia/dom-12-11-2025_1.pdf,https://prefeitura.pbh.gov.br/administracao-logistica-e-patrimonial/licitacoes-e-editais
PBH,municipal,Brasil,noticia,"Ata de Sessão Pública, Adjudicação e Homologação Ata de Sessão Pública, Adjudicação e Homologação .",mostra,nao identificado,festival_inscricao,inovacao,,-20,,https://prefeitura.pbh.gov.br/sites/default/files/estrutura-de-governo/administracao-logistica-e-patrimonial/transparencia/ata-adjudicacao_e_homologacao.pdf,https://prefeitura.pbh.gov.br/administracao-logistica-e-patrimonial/licitacoes-e-editais
PBH,federal,Brasil,noticia,"Ata de Sessão Pública, Adjudicação e Homologação Parcial - 02",mostra,nao identificado,festival_inscricao,inovacao,,-20,,https://dom-web.pbh.gov.br/visualizacao/ato/474653,https://prefeitura.pbh.gov.br/administracao-logistica-e-patrimonial/licitacoes-e-editais
PBH,federal,Brasil,noticia,"Ata de Sessão Pública, Adjudicação e Homologação Parcial - 03 - Final",mostra,nao identificado,festival_inscricao,inovacao,,-20,,https://dom-web.pbh.gov.br/visualizacao/ato/476033,https://prefeitura.pbh.gov.br/administracao-logistica-e-patrimonial/licitacoes-e-editais
PBH,federal,Brasil,noticia,"Ata de Sessão Pública, Adjudicação e Homologação Parcial 02",mostra,nao identificado,festival_inscricao,inovacao,,-20,,https://dom-web.pbh.gov.br/visualizacao/ato/473190,https://prefeitura.pbh.gov.br/administracao-logistica-e-patrimonial/licitacoes-e-editais
PBH,federal,Brasil,noticia,"Ata de Sessão Pública, Adjudicação e Homologação parcial 01",mostra,nao identificado,festival_inscricao,inovacao,,-20,,https://dom-web.pbh.gov.br/visualizacao/ato/474948,https://prefeitura.pbh.gov.br/administracao-logistica-e-patrimonial/licitacoes-e-editais
PBH,federal,Brasil,noticia,"Ata de Sessão Pública, Adjudicação e Homologação parcial 02 -Final",mostra,nao identificado,festival_inscricao,inovacao,,-20,,https://dom-web.pbh.gov.br/visualizacao/ato/476036,https://prefeitura.pbh.gov.br/administracao-logistica-e-patrimonial/licitacoes-e-editais
PBH,federal,Brasil,noticia,"Ata de sessão Pública, Adjudicação e Hologação Parcial - item 08",mostra,nao identificado,festival_inscricao,inovacao,,-20,,https://dom-web.pbh.gov.br/visualizacao/ato/475738,https://prefeitura.pbh.gov.br/administracao-logistica-e-patrimonial/licitacoes-e-editais
PBH,federal,Brasil,noticia,"Ata de sessão Pública, Adjudicação e Hologação Parcial itens 01 e 05",mostra,nao identificado,festival_inscricao,inovacao,,-20,,https://dom-web.pbh.gov.br/visualizacao/ato/468765,https://prefeitura.pbh.gov.br/administracao-logistica-e-patrimonial/licitacoes-e-editais
PBH,federal,Brasil,noticia,"Ata de sessão Pública, Adjudicação e Hologação Parcial itens 02, 06, 12 E 19",mostra,nao identificado,festival_inscricao,inovacao,,-20,,https://dom-web.pbh.gov.br/visualizacao/ato/469932,https://prefeitura.pbh.gov.br/administracao-logistica-e-patrimonial/licitacoes-e-editais
PBH,federal,Brasil,noticia,"Ata de sessão Pública, Adjudicação e Homologação Parcial - item 03",mostra,nao identificado,festival_inscricao,inovacao,,-20,,https://dom-web.pbh.gov.br/visualizacao/ato/479514,https://prefeitura.pbh.gov.br/administracao-logistica-e-patrimonial/licitacoes-e-editais
PBH,federal,Brasil,noticia,"Ata de sessão Pública, Adjudicação e Homologação parcial do- Item 09",mostra,nao identificado,festival_inscricao,inovacao,,-20,,https://dom-web.pbh.gov.br/visualizacao/ato/479873,https://prefeitura.pbh.gov.br/administracao-logistica-e-patrimonial/licitacoes-e-editais
Prefeitura SP Cultura,municipal,Brasil,noticia,Acesso à informação Acesso à informação Divisor de acesso à informação,formacao,nao identificado,formacao_mentoria,inovacao,,-20,,http://transparencia.prefeitura.sp.gov.br/sistema-eletronico-de-informacao-ao-cidadao-e-sic/,https://www.prefeitura.sp.gov.br/cidade/secretarias/cultura
Prefeitura SP Cultura,municipal,Brasil,noticia,"Abril pra Dança terá programação gratuita para a terceira idade “Batalha Passinhos do Brasil” é destaque do Abril pra Dança com competição de improviso, técnica, domínio corporal e personalidade Abril pra Dança terá programação gratuita para a terceira idade Espaços culturais da zona sul e leste recebem formações gratuitas do Programa VAI no mês de abril Teatro",outro,nao identificado,nao identificado,cultura,,-20,,https://prefeitura.sp.gov.br/web/cultura/w/abril-pra-dan%C3%A7a-ter%C3%A1-programa%C3%A7%C3%A3o-especial-gratuita-para-a-terceira-idade,https://www.prefeitura.sp.gov.br/cidade/secretarias/cultura
Prefeitura SP Cultura,municipal,Brasil,noticia,Arquivo Histórico Municipal (AHM): Programação,outro,nao identificado,nao identificado,cultura,,-20,2026,https://prefeitura.sp.gov.br/web/cultura/w/arquivo_historico/programacao-de-abril-de-2026,https://www.prefeitura.sp.gov.br/cidade/secretarias/cultura
Prefeitura SP Cultura,municipal,Brasil,noticia,Biblioteca Mário de Andrade (BMA): Programação,outro,nao identificado,nao identificado,cultura,,-20,,https://prefeitura.sp.gov.br/web/cultura/w/abril-na-biblioteca-m%C3%A1rio-de-andrade,https://www.prefeitura.sp.gov.br/cidade/secretarias/cultura
Prefeitura SP Cultura,municipal,Brasil,noticia,"Espaços culturais da zona sul e leste recebem formações gratuitas do Programa VAI no mês de abril “Batalha Passinhos do Brasil” é destaque do Abril pra Dança com competição de improviso, técnica, domínio corporal e personalidade Abril pra Dança terá programação gratuita para a terceira idade Espaços culturais da zona sul e leste recebem formações gratuitas do Programa VAI no mês de abril Teatro",outro,nao identificado,nao identificado,cultura,,-20,,https://prefeitura.sp.gov.br/web/cultura/w/espa%C3%A7os-culturais-da-zona-sul-e-leste-recebem-forma%C3%A7%C3%B5es-gratuitas-do-programa-vai-no-m%C3%AAs-de-abril,https://www.prefeitura.sp.gov.br/cidade/secretarias/cultura
Prefeitura SP Cultura,municipal,Brasil,noticia,"Teatro na Mário retorna com adaptação do clássico “Memórias do subsolo”, escrito pelo autor russo Dostoiévski “Batalha Passinhos do Brasil” é destaque do Abril pra Dança com competição de improviso, técnica, domínio corporal e personalidade Abril pra Dança terá programação gratuita para a terceira idade Espaços culturais da zona sul e leste recebem formações gratuitas do Programa VAI no mês de abril Teatro",outro,nao identificado,nao identificado,cultura,,-20,,https://prefeitura.sp.gov.br/web/cultura/w/teatro-na-m%C3%A1rio-retorna-com-adapta%C3%A7%C3%A3o-do-cl%C3%A1ssico-mem%C3%B3rias-do-subsolo-escrito-pelo-autor-russo-dostoi%C3%A9vski,https://www.prefeitura.sp.gov.br/cidade/secretarias/cultura
Prefeitura SP Cultura,municipal,Brasil,noticia,"“Batalha Passinhos do Brasil” é destaque do Abril pra Dança com competição de improviso, técnica, domínio corporal e personalidade “Batalha Passinhos do Brasil” é destaque do Abril pra Dança com competição de improviso, técnica, domínio corporal e personalidade Abril pra Dança terá programação gratuita para a terceira idade Espaços culturais da zona sul e leste recebem formações gratuitas do Programa VAI no mês de abril Teatro",outro,nao identificado,nao identificado,cultura,,-20,,https://prefeitura.sp.gov.br/web/cultura/w/-batalha-passinhos-do-brasil-%C3%A9-destaque-do-abril-pra-dan%C3%A7a-com-competi%C3%A7%C3%A3o-de-improviso-t%C3%A9cnica-dom%C3%ADnio-corporal-e-personalidade,https://www.prefeitura.sp.gov.br/cidade/secretarias/cultura
SECULT MG,estadual,Brasil,noticia,Lei Paulo Gustavo (LPG) Lei Paulo Gustavo (LPG) Cronograma Editais Resultado Preliminar Resultado Final Suplentes,outro,nao identificado,nao identificado,inovacao,,-20,,https://www.secult.mg.gov.br,https://www.secult.mg.gov.br
SECULT MG,estadual,Brasil,noticia,Resultado Preliminar,outro,nao identificado,nao identificado,inovacao,,-20,,https://www.secult.mg.gov.br/editais/editais-02-ao-11/resultado-preliminar-dos-editais-da-lpg-de-02-a-11,https://www.secult.mg.gov.br
SPCINE,outro,Brasil,noticia,TRANSPARÊNCIA TRANSPARÊNCIA Acesso à informação Participação social Quadro de Serviços,formacao,nao identificado,formacao_mentoria,inovacao,,-20,,https://spcine.com.br,https://spcine.com.br
MinC Brasil,federal,Brasil,noticia,4ª Conferência Nacional de Cultura,formacao,nao identificado,formacao_mentoria,cultura,,-30,,https://www.gov.br/cultura/pt-br/acesso-a-informacao/perguntas-frequentes/perguntas-frequentes-4a-cnc,https://www.gov.br/cultura/pt-br
MinC Brasil,federal,Brasil,noticia,6ª Teia Nacional – Pontos de Cultura pela Justiça Climática,formacao,nao identificado,formacao_mentoria,cultura,,-30,2013,http://www.gov.br/cultura/pt-br/acesso-a-informacao/perguntas-frequentes/6a-teia-nacional-2013-pontos-de-cultura-pela-justica-climatica/,https://www.gov.br/cultura/pt-br
MinC Brasil,federal,Brasil,noticia,6ª Teia Nacional – Pontos de Cultura pela Justiça Climática,formacao,nao identificado,formacao_mentoria,cultura,,-30,2013,https://www.gov.br/cultura/pt-br/acesso-a-informacao/perguntas-frequentes/6a-teia-nacional-2013-pontos-de-cultura-pela-justica-climatica,https://www.gov.br/cultura/pt-br
MinC Brasil,federal,Brasil,noticia,"Abordagens, recomendações e determinações dos órgãos de controle",formacao,nao identificado,formacao_mentoria,cultura,,-30,,https://www.gov.br/cultura/pt-br/acesso-a-informacao/auditorias/abordagens-recomendacoes-e-determinacoes-dos-orgaos-de-controle,https://www.gov.br/cultura/pt-br
MinC Brasil,federal,Brasil,noticia,Acordos de Cooperação,formacao,nao identificado,formacao_mentoria,cultura,,-30,,https://www.gov.br/cultura/pt-br/acesso-a-informacao/licitacoes-e-contratos/acordos-de-cooperacao,https://www.gov.br/cultura/pt-br
MinC Brasil,federal,Brasil,noticia,Agentes Territoriais de Cultura 2024,formacao,nao identificado,formacao_mentoria,cultura,,-30,2024,https://www.gov.br/cultura/pt-br/acesso-a-informacao/perguntas-frequentes/agentes-territoriais-de-cultura-2024,https://www.gov.br/cultura/pt-br
MinC Brasil,federal,Brasil,noticia,Apresentação,formacao,nao identificado,formacao_mentoria,cultura,,-30,,https://www.gov.br/cultura/pt-br/acesso-a-informacao/institucional/apresentacao,https://www.gov.br/cultura/pt-br
MinC Brasil,federal,Brasil,noticia,Atos Normativos,formacao,nao identificado,formacao_mentoria,cultura,,-30,,https://www.gov.br/cultura/pt-br/acesso-a-informacao/institucional/atos-normativos,https://www.gov.br/cultura/pt-br
MinC Brasil,federal,Brasil,noticia,"Ações de supervisão, controle e correição",formacao,nao identificado,formacao_mentoria,cultura,,-30,,https://www.gov.br/cultura/pt-br/acesso-a-informacao/auditorias/acoes-de-supervisao-controle-e-correicao,https://www.gov.br/cultura/pt-br
MinC Brasil,federal,Brasil,noticia,Base jurídica,formacao,nao identificado,formacao_mentoria,cultura,,-30,,https://www.gov.br/cultura/pt-br/acesso-a-informacao/institucional/base-juridica-1,https://www.gov.br/cultura/pt-br
MinC Brasil,federal,Brasil,noticia,Biografia da Ministra da Cultura,formacao,nao identificado,formacao_mentoria,cultura,,-30,,https://www.gov.br/cultura/pt-br/acesso-a-informacao/institucional/biografia-da-ministra-da-cultura,https://www.gov.br/cultura/pt-br
MinC Brasil,federal,Brasil,noticia,Competências,formacao,nao identificado,formacao_mentoria,cultura,,-30,,https://www.gov.br/cultura/pt-br/acesso-a-informacao/institucional/competencias,https://www.gov.br/cultura/pt-br
MinC Brasil,federal,Brasil,noticia,Conselhos e Órgãos Colegiados,formacao,nao identificado,formacao_mentoria,cultura,,-30,,https://www.gov.br/cultura/pt-br/acesso-a-informacao/institucional/orgaos-colegiados,https://www.gov.br/cultura/pt-br
MinC Brasil,federal,Brasil,noticia,Convênios e Transferências,formacao,nao identificado,formacao_mentoria,cultura,,-30,,https://www.gov.br/cultura/pt-br/acesso-a-informacao/convenios-e-transferencias,https://www.gov.br/cultura/pt-br
MinC Brasil,federal,Brasil,noticia,Corregedoria,formacao,nao identificado,formacao_mentoria,cultura,,-30,,https://www.gov.br/cultura/pt-br/acesso-a-informacao/perguntas-frequentes/corregedoria-1,https://www.gov.br/cultura/pt-br
MinC Brasil,federal,Brasil,noticia,Escritórios Estaduais do Ministério da Cultura,formacao,nao identificado,formacao_mentoria,cultura,,-30,,https://www.gov.br/cultura/pt-br/acesso-a-informacao/institucional/escritorios-estaduais-do-ministerio-da-cultura,https://www.gov.br/cultura/pt-br
MinC Brasil,federal,Brasil,noticia,Instrumentos Internacionais,formacao,nao identificado,formacao_mentoria,cultura,,-30,,https://www.gov.br/cultura/pt-br/acesso-a-informacao/licitacoes-e-contratos/instrumentos-internacionais,https://www.gov.br/cultura/pt-br
MinC Brasil,federal,Brasil,noticia,Lei Paulo Gustavo (LPG),formacao,nao identificado,formacao_mentoria,cultura,,-30,,https://www.gov.br/cultura/pt-br/acesso-a-informacao/perguntas-frequentes/perguntas-frequentes-sobre-a-lei-paulo-gustavo,https://www.gov.br/cultura/pt-br
MinC Brasil,federal,Brasil,noticia,Lei Rouanet,formacao,nao identificado,formacao_mentoria,cultura,,-30,,https://www.gov.br/cultura/pt-br/acesso-a-informacao/perguntas-frequentes/lei-rouanet,https://www.gov.br/cultura/pt-br
MinC Brasil,federal,Brasil,noticia,Licitações,formacao,nao identificado,formacao_mentoria,cultura,,-30,,https://www.gov.br/cultura/pt-br/acesso-a-informacao/licitacoes-e-contratos/licitacoes,https://www.gov.br/cultura/pt-br
MinC Brasil,federal,Brasil,noticia,MICBR 2023,formacao,nao identificado,formacao_mentoria,cultura,,-30,2023,https://www.gov.br/cultura/pt-br/acesso-a-informacao/perguntas-frequentes/micbr-2023,https://www.gov.br/cultura/pt-br
MinC Brasil,federal,Brasil,noticia,MICBR+Ibero-América 2025,formacao,nao identificado,formacao_mentoria,cultura,,-30,2025,https://www.gov.br/cultura/pt-br/acesso-a-informacao/perguntas-frequentes/micbr2025,https://www.gov.br/cultura/pt-br
MinC Brasil,federal,Brasil,noticia,Mapas Culturais,formacao,nao identificado,formacao_mentoria,cultura,,-30,,https://www.gov.br/cultura/pt-br/acesso-a-informacao/perguntas-frequentes/mapas-culturais,https://www.gov.br/cultura/pt-br
MinC Brasil,federal,Brasil,noticia,Organograma,formacao,nao identificado,formacao_mentoria,cultura,,-30,,https://www.gov.br/cultura/pt-br/acesso-a-informacao/institucional/organograma-1,https://www.gov.br/cultura/pt-br
MinC Brasil,federal,Brasil,noticia,Perfil Profissional,formacao,nao identificado,formacao_mentoria,cultura,,-30,,https://www.gov.br/cultura/pt-br/acesso-a-informacao/institucional/perfil-profissional,https://www.gov.br/cultura/pt-br
MinC Brasil,federal,Brasil,noticia,Plano Anual de Atividades de Auditoria Interna (PAINT),formacao,nao identificado,formacao_mentoria,cultura,,-30,,https://www.gov.br/cultura/pt-br/acesso-a-informacao/auditorias/plano-anual-de-atividades-de-auditoria-interna,https://www.gov.br/cultura/pt-br
MinC Brasil,federal,Brasil,noticia,Plano Nacional de Cultura,formacao,nao identificado,formacao_mentoria,cultura,,-30,,https://www.gov.br/cultura/pt-br/acesso-a-informacao/perguntas-frequentes/plano-nacional-de-cultura,https://www.gov.br/cultura/pt-br
MinC Brasil,federal,Brasil,noticia,Prestação de Contas,formacao,nao identificado,formacao_mentoria,cultura,,-30,,https://www.gov.br/cultura/pt-br/acesso-a-informacao/auditorias/auditorias,https://www.gov.br/cultura/pt-br
MinC Brasil,federal,Brasil,noticia,Programa de Intercâmbio Cultural,formacao,nao identificado,formacao_mentoria,cultura,,-30,,https://www.gov.br/cultura/pt-br/acesso-a-informacao/perguntas-frequentes/programa-de-intercambio,https://www.gov.br/cultura/pt-br
MinC Brasil,federal,Brasil,noticia,Programas Financiados pelo FAT,formacao,nao identificado,formacao_mentoria,cultura,,-30,,https://www.gov.br/cultura/pt-br/acesso-a-informacao/acoes-e-programas/programas-financiados-pelo-fat,https://www.gov.br/cultura/pt-br
MinC Brasil,federal,Brasil,noticia,Protocolos de intenção,formacao,nao identificado,formacao_mentoria,cultura,,-30,,https://www.gov.br/cultura/pt-br/acesso-a-informacao/licitacoes-e-contratos/protocolos-de-intrencao,https://www.gov.br/cultura/pt-br
MinC Brasil,federal,Brasil,noticia,Quem é Quem,formacao,nao identificado,formacao_mentoria,cultura,,-30,,https://www.gov.br/cultura/pt-br/acesso-a-informacao/institucional/quem-e-quem,https://www.gov.br/cultura/pt-br
MinC Brasil,federal,Brasil,noticia,Receitas e Despesas,formacao,nao identificado,formacao_mentoria,cultura,,-30,,https://www.gov.br/cultura/pt-br/acesso-a-informacao/receitas-e-despesas,https://www.gov.br/cultura/pt-br
MinC Brasil,federal,Brasil,noticia,Retomada Cultural RS,formacao,nao identificado,formacao_mentoria,cultura,,-30,,https://www.gov.br/cultura/pt-br/acesso-a-informacao/perguntas-frequentes/retomada-cultural-rs,https://www.gov.br/cultura/pt-br
MinC Brasil,federal,Brasil,noticia,Rol de Responsáveis,formacao,nao identificado,formacao_mentoria,cultura,,-30,,https://www.gov.br/cultura/pt-br/acesso-a-informacao/auditorias/rol-de-responsaveis,https://www.gov.br/cultura/pt-br
MinC Brasil,federal,Brasil,noticia,Sanções Administrativas,formacao,nao identificado,formacao_mentoria,cultura,,-30,,https://www.gov.br/cultura/pt-br/acesso-a-informacao/sancoes-administrativas,https://www.gov.br/cultura/pt-br
MinC Brasil,federal,Brasil,noticia,Servidores,formacao,nao identificado,formacao_mentoria,cultura,,-30,,https://www.gov.br/cultura/pt-br/acesso-a-informacao/servidores,https://www.gov.br/cultura/pt-br
MinC Brasil,federal,Brasil,noticia,Serviço de Informação ao Cidadão (SIC),formacao,nao identificado,formacao_mentoria,cultura,,-30,,https://www.gov.br/cultura/pt-br/acesso-a-informacao/servico-de-informacao-ao-cidadao,https://www.gov.br/cultura/pt-br
MinC Brasil,federal,Brasil,noticia,Sistema Nacional de Bibliotecas Públicas,formacao,nao identificado,formacao_mentoria,cultura,,-30,,https://www.gov.br/cultura/pt-br/acesso-a-informacao/perguntas-frequentes/sistema-nacional-de-bibliotecas-publicas,https://www.gov.br/cultura/pt-br
MinC Brasil,federal,Brasil,noticia,Sistema Nacional de Cultura (SNC),formacao,nao identificado,formacao_mentoria,cultura,,-30,,https://www.gov.br/cultura/pt-br/acesso-a-informacao/perguntas-frequentes/sistema-nacional-de-cultura,https://www.gov.br/cultura/pt-br
MinC Brasil,federal,Brasil,noticia,Territórios da Cultura,formacao,nao identificado,formacao_mentoria,cultura,,-30,,https://www.gov.br/cultura/pt-br/acesso-a-informacao/perguntas-frequentes/territorios-da-cultura,https://www.gov.br/cultura/pt-br
MinC Brasil,federal,Brasil,noticia,Órgãos colegiados,formacao,nao identificado,formacao_mentoria,cultura,,-30,,https://www.gov.br/cultura/pt-br/acesso-a-informacao/institucional/orgaos-colegiados,https://www.gov.br/cultura/pt-br
MinC Brasil,federal,Brasil,noticia,Sistema Nacional de Bibliotecas Públicas (SNBP),outro,nao identificado,nao identificado,cultura,,-30,,https://www.gov.br/cultura/pt-br/assuntos/sistema-nacional-de-bibliotecas-publicas-snbp,https://www.gov.br/cultura/pt-br
Prefeitura SP Cultura,municipal,Brasil,noticia,Organização,formacao,nao identificado,formacao_mentoria,cultura,,-30,,https://www.prefeitura.sp.gov.br/web/cultura/w/acesso_a_informacao/16061,https://www.prefeitura.sp.gov.br/cidade/secretarias/cultura
Prefeitura SP Cultura,municipal,Brasil,noticia,Centro Cultural São Paulo (CCSP): Programação,outro,nao identificado,nao identificado,cultura,,-30,,https://centrocultural.sp.gov.br/programacao-ccspdecasa/,https://www.prefeitura.sp.gov.br/cidade/secretarias/cultura
ANCINE,federal,Brasil,noticia,Nota de Pesar,outro,nao identificado,nao identificado,inovacao,,-55,,https://www.gov.br/ancine/pt-br/assuntos/noticias/nota-de-pesar-silviodarin,https://www.gov.br/ancine
ANCINE,federal,Brasil,noticia,Publicado o Decreto da Cota de Tela para 2026,outro,nao identificado,nao identificado,inovacao,,-55,2026,https://www.gov.br/ancine/pt-br/assuntos/noticias/publicado-o-decreto-da-cota-de-tela-para-2026,https://www.gov.br/ancine
ANCINE,federal,Brasil,noticia,ANCINE abre novo processo seletivo para estágio de nível superior,trabalho,nao identificado,nao identificado,inovacao,,-55,,https://www.gov.br/ancine/pt-br/assuntos/noticias/ancine-abre-novo-processo-seletivo-para-estagio-de-nivel-superior-6,https://www.gov.br/ancine
MinC Brasil,federal,Brasil,noticia,Institucional Institucional Apresentação Biografia da Ministra da Cultura Organograma Competências Quem é Quem Perfil Profissional Agenda de Autoridades Escritórios Estaduais do Ministério da Cultura Órgãos colegiados Atos Normativos Base jurídica Horário de Atendimento,formacao,nao identificado,formacao_mentoria,cultura,,-55,,https://www.gov.br/cultura/pt-br/acesso-a-informacao/institucional,https://www.gov.br/cultura/pt-br
MinC Brasil,federal,Brasil,noticia,Agricultura e Pecuária,outro,nao identificado,nao identificado,cultura,,-55,,https://www.gov.br/pt-br/noticias/agricultura-e-pecuaria,https://www.gov.br/cultura/pt-br
MinC Brasil,federal,Brasil,noticia,Criação do Dia Nacional da Cultura Viva é debatida na Câmara,outro,nao identificado,nao identificado,cultura,,-55,,https://www.gov.br/cultura/pt-br/assuntos/noticias/criacao-do-dia-nacional-da-cultura-viva-e-debatida-na-camara,https://www.gov.br/cultura/pt-br
MinC Brasil,federal,Brasil,noticia,Cultura e Esporte,outro,nao identificado,nao identificado,cultura,,-55,,https://www.gov.br/pt-br/noticias/cultura-artes-historia-e-esportes,https://www.gov.br/cultura/pt-br
MinC Brasil,federal,Brasil,noticia,Forças Armadas e Defesa Civil,outro,nao identificado,nao identificado,inovacao,,-55,,https://www.gov.br/pt-br/noticias/forcas-armadas,https://www.gov.br/cultura/pt-br
MinC Brasil,federal,Brasil,noticia,Notícias Notícias Serviços para o cidadão Saúde Agricultura e Pecuária Cidadania e Assistência Social Ciência e Tecnologia Comunicação Cultura e Esporte Economia e Gestão Pública Educação e Pesquisa Energia Forças Armadas e Defesa Civil Infraestrutura Justiça e Segurança Meio Ambiente Trabalho e Previdência Notícias Serviços para o cidadão Saúde Agricultura e Pecuária Cidadania e Assistência Social Ciência e Tecnologia Comunicação Cultura e Esporte Economia e Gestão Pública Educação e Pesquisa Energia Forças Armadas e Defesa Civil Infraestrutura Justiça e Segurança Meio Ambiente Trabalho e Previdência Turismo,outro,nao identificado,nao identificado,cultura,,-55,,https://www.gov.br/pt-br/noticias,https://www.gov.br/cultura/pt-br
MinC Brasil,federal,Brasil,noticia,POLÍTICA PÚBLICA Criação do Dia Nacional da Cultura Viva é debatida na Câmara,outro,nao identificado,nao identificado,cultura,,-55,,https://www.gov.br/cultura/pt-br/assuntos/noticias/criacao-do-dia-nacional-da-cultura-viva-e-debatida-na-camara,https://www.gov.br/cultura/pt-br
Prefeitura SP Cultura,municipal,Brasil,noticia,A Secretaria A Secretaria Agenda do Secretário Fale Conosco Organização Sala de Imprensa,formacao,nao identificado,formacao_mentoria,cultura,,-55,,https://capital.sp.gov.br/web/cultura/w/acesso_a_informacao/28512,https://www.prefeitura.sp.gov.br/cidade/secretarias/cultura
Prefeitura SP Cultura,municipal,Brasil,noticia,Agenda do Secretário,formacao,nao identificado,formacao_mentoria,cultura,,-55,,https://www.prefeitura.sp.gov.br/web/cultura/acesso_a_informacao/agenda/,https://www.prefeitura.sp.gov.br/cidade/secretarias/cultura
MinC Brasil,federal,Brasil,noticia,Agenda de Autoridades,formacao,nao identificado,formacao_mentoria,cultura,,-65,,https://www.gov.br/cultura/pt-br/acesso-a-informacao/institucional/agenda-de-autoridades,https://www.gov.br/cultura/pt-br
MinC Brasil,federal,Brasil,noticia,CNIC aprova 481 projetos culturais e autoriza R$ 702 milhões em incentivos fiscais em Brasília,outro,nao identificado,nao identificado,cultura,R$ 702,-65,,https://www.gov.br/cultura/pt-br/assuntos/noticias/cnic-aprova-481-projetos-culturais-e-autoriza-r-702-milhoes-em-incentivos-fiscais-em-brasilia,https://www.gov.br/cultura/pt-br
MinC Brasil,federal,Brasil,noticia,LEI ROUANET CNIC aprova 481 projetos culturais e autoriza R$ 702 milhões em incentivos fiscais em Brasília,outro,nao identificado,nao identificado,cultura,R$ 702,-65,,https://www.gov.br/cultura/pt-br/assuntos/noticias/cnic-aprova-481-projetos-culturais-e-autoriza-r-702-milhoes-em-incentivos-fiscais-em-brasilia,https://www.gov.br/cultura/pt-br
MinC Brasil,federal,Brasil,noticia,Mais Notícias,outro,nao identificado,nao identificado,cultura,,-65,,https://www.gov.br/cultura/pt-br/assuntos/noticias,https://www.gov.br/cultura/pt-br
Prefeitura SP Cultura,municipal,Brasil,noticia,Circuito de Cultura,outro,nao identificado,nao identificado,cultura,,-65,,https://www.prefeitura.sp.gov.br/web/cultura/w/noticias/31007,https://www.prefeitura.sp.gov.br/cidade/secretarias/cultura
Prefeitura SP Cultura,municipal,Brasil,noticia,Notícias da Cultura,outro,nao identificado,nao identificado,cultura,,-65,,https://www.prefeitura.sp.gov.br/web/cultura/noticias/,https://www.prefeitura.sp.gov.br/cidade/secretarias/cultura
Prefeitura SP Cultura,municipal,Brasil,noticia,Menu menu Menu menu Órgãos Públicos arrow_drop_down Secretarias Outros órgãos Subprefeituras Serviços Notícias Menu close Aumentar texto Diminuir texto Contrastar Acessibilidade Acessibilidade Mobile Órgãos Públicos chevron_right Serviços Notícias Legislação Ouvidoria Mais opções chevron_left Secretarias Outr,outro,nao identificado,nao identificado,cultura,,-70,,https://www.prefeitura.sp.gov.br/cidade/secretarias/cultura,https://www.prefeitura.sp.gov.br/cidade/secretarias/cultura
Prefeitura SP Cultura,municipal,Brasil,noticia,menu Menu do Site menu Menu do Site Acesso à Informação Participação Social Quadro de Serviços Acesso à Proteção de Dados Pessoais A Secretaria Agenda do Secretário Fale Conosco Organização Sala de Imprensa Circuito de Cultura Editais Concursos Endereços e Serviços Formação EMIA Rede Daora Piapi Piá Vocacional Jovem,formacao,nao identificado,formacao_mentoria,cultura,,-80,,https://www.prefeitura.sp.gov.br/cidade/secretarias/cultura,https://www.prefeitura.sp.gov.br/cidade/secretarias/cultura
